<ParametriConfigurazione>
    <ipClient>localhost</ipClient>
    <ipLogServer>localhost</ipLogServer>
    <portaLogServer>8080</portaLogServer>
    <nomeDBSM>gestorediariodiabete</nomeDBSM>
    <userDBSM>root</userDBSM>
    <passwordDBSM></passwordDBSM>
    <ipServerDBSM>localhost</ipServerDBSM>
    <portaServerDBSM>3306</portaServerDBSM>
    <estremoInferioreGlicata>5.5</estremoInferioreGlicata>
    <medioInferioreGlicata>6.3</medioInferioreGlicata>
    <medioSuperioreGlicata>7.3</medioSuperioreGlicata>
    <estremoSuperioreGlicata>7.9</estremoSuperioreGlicata>
    <estremoIpoglicemiaGrave>60</estremoIpoglicemiaGrave>
    <estremoIpoglicemiaLeggera>80</estremoIpoglicemiaLeggera>
    <estremoIperglicemiaLeggera>120</estremoIperglicemiaLeggera>
    <estremoIperglicemiaGrave>230</estremoIperglicemiaGrave>
    <coloreSfondo>white</coloreSfondo>
    <larghezza>600</larghezza>
    <altezza>700</altezza>
</ParametriConfigurazione>


